Model,MAE,WAPE,MedAPE
LightGBM,9.569417535495067,0.06886147800330325,0.04450375623996036
CatBoost,9.897384659831046,0.07122152769645317,0.047052737327150894
XGBoost,10.76179438479476,0.07744181550818682,0.04441177247382095
